EmpId,EmpName,Gender,DepartmentId,DOJ,Country
1001,Jones,M,101,10/27/1980,USA
1002,Kivell,M,102,10/28/1980,USA
1003,Jardine,M,103,10/29/1981,USA
1004,Gill,M,103,10/30/1981,USA
1005,Sorvino,F,103,10/31/1985,USA
1006,Andrews,M,102,11/1/1985,USA
1007,Howard,M,101,11/2/1991,USA
1008,Smith,M,104,11/3/1991,USA
1009,Benjamin,M,104,11/4/1991,USA
1010,William,M,103,11/5/1995,USA
1011,Jacob,M,102,11/6/1995,UK
1012,Emma,F,104,11/7/2001,UK
1013,Alexander,M,101,11/8/2001,UK
1014,Liam,M,104,11/9/2013,UK
1015,Olivia,F,102,11/10/2013,UK
1016,Ethan,M,101,11/11/2013,UK
1017,Elijah,M,102,11/12/2015,UK
1018,Noah,M,103,11/13/2015,UK
1019,Isabella,F,101,11/14/2015,UK
1020,Mason,M,104,11/15/2015,UK
1021,Robin,M,102,11/16/2016,UK
1022,Emily,F,101,11/17/2016,UK
1023,Stefen,M,105,11/18/2018,UK
1024,Thompson,M,101,11/19/2018,UK
